{"cameraMode":{"drawMode":0,"name":"Shaded","section":"Shading Mode"},"sceneLighting":true,"audioPlay":false,"sceneViewState":{"m_AlwaysRefresh":false,"showFog":true,"showSkybox":true,"showFlares":true,"showImageEffects":true,"showParticleSystems":true,"showVisualEffectGraphs":true,"m_FxEnabled":true},"in2DMode":false,"pivot":{"x":-105.03850555419922,"y":5.5216522216796879,"z":-34.372859954833987},"rotation":{"x":0.10992641001939774,"y":0.8603426218032837,"z":-0.20945397019386292,"w":0.451518714427948},"size":1.7146445512771607,"orthographic":false}