{"cameraMode":{"drawMode":0,"name":"Shaded","section":"Shading Mode"},"sceneLighting":false,"audioPlay":false,"sceneViewState":{"m_AlwaysRefresh":false,"showFog":true,"showSkybox":false,"showFlares":true,"showImageEffects":true,"showParticleSystems":true,"showVisualEffectGraphs":true,"m_FxEnabled":true},"in2DMode":false,"pivot":{"x":0.013860344886779786,"y":3.54135799407959,"z":2.06811785697937},"rotation":{"x":-0.044654861092567447,"y":0.5983448624610901,"z":-0.033428244292736056,"w":-0.7992972135543823},"size":0.902444064617157,"orthographic":false}